{
    "base_model_name": "",
    "model_type": "sdxl",
    "output_name": "my_lora_v1",
    "output_dir": "project/outputs",
    "save_precision": "float16",
    "save_every_n_epochs": 1,
    "save_every_n_steps": null,
    "save_model_as": "safetensors",
    "network_type": "lora",
    "network_dim": 32,
    "network_alpha": 16,
    "network_module": "networks.lora",
    "network_args": null,
    "dataset_path": "project/dataset",
    "resolution": 1024,
    "batch_size": 1,
    "max_train_epochs": 10,
    "max_train_steps": null,
    "learning_rate": 0.0001,
    "unet_lr": null,
    "text_encoder_lr": null,
    "lr_scheduler": "constant",
    "lr_scheduler_num_cycles": 1,
    "lr_scheduler_power": 1.0,
    "lr_warmup_steps": 0,
    "lr_warmup_ratio": 0.0,
    "optimizer_type": "AdamW8bit",
    "optimizer_args": null,
    "mixed_precision": "fp16",
    "gradient_accumulation_steps": 1,
    "gradient_checkpointing": false,
    "seed": null,
    "clip_skip": null,
    "max_token_length": 75,
    "caption_extension": ".txt",
    "caption_dropout_rate": 0.0,
    "caption_dropout_every_n_epochs": 0,
    "keep_tokens": 0,
    "min_snr_gamma": 0.0,
    "noise_offset": 0.0,
    "adaptive_noise_scale": 0.0,
    "multires_noise_iterations": 0,
    "multires_noise_discount": 0.0,
    "train_text_encoder": true,
    "no_half_vae": false,
    "cache_latents": true,
    "cache_latents_to_disk": false,
    "training_comment": null,
    "metadata_title": null,
    "metadata_author": null,
    "metadata_description": null,
    "metadata_license": null,
    "metadata_tags": null
}