{
    "LoRA_type": "Standard",
    "adaptive_noise_scale": 0,
    "additional_parameters": "--network_train_unet_only",
    "block_alphas": "",
    "block_dims": "",
    "block_lr_zero_threshold": "",
    "bucket_no_upscale": true,
    "bucket_reso_steps": 64,
    "cache_latents": true,
    "cache_latents_to_disk": true,
    "caption_dropout_every_n_epochs": 0.0,
    "caption_dropout_rate": 0,
    "caption_extension": ".txt",
    "clip_skip": "1",
    "color_aug": false,
    "conv_alpha": 1,
    "conv_alphas": "",
    "conv_dim": 1,
    "conv_dims": "",
    "decompose_both": false,
    "dim_from_weights": false,
    "down_lr_weight": "",
    "enable_bucket": true,
    "epoch": 25,
    "factor": -1,
    "flip_aug": false,
    "full_bf16": false,
    "full_fp16": false,
    "gradient_accumulation_steps": 1.0,
    "gradient_checkpointing": true,
    "keep_tokens": 2,
    "learning_rate": 1.0,
    "lora_network_weights": "",
    "lr_scheduler": "cosine",
    "lr_scheduler_num_cycles": "",
    "lr_scheduler_power": "",
    "lr_warmup": 5,
    "max_bucket_reso": 2048,
    "max_data_loader_n_workers": "0",
    "max_resolution": "1024,1024",
    "max_timestep": 1000,
    "max_token_length": "225",
    "max_train_epochs": "",
    "mem_eff_attn": false,
    "mid_lr_weight": "",
    "min_bucket_reso": 256,
    "min_snr_gamma": 5,
    "min_timestep": 0,
    "mixed_precision": "bf16",
    "module_dropout": 0,
    "multires_noise_discount": 0,
    "multires_noise_iterations": 0,
    "network_alpha": 64,
    "network_dim": 64,
    "network_dropout": 0,
    "no_token_padding": false,
    "noise_offset": 0.0357,
    "noise_offset_type": "Original",
    "num_cpu_threads_per_process": 2,
    "optimizer": "DAdaptAdam",
    "optimizer_args": "\"decouple=True\" \"weight_decay=0.1\" \"betas=0.9,0.91\"",
    "persistent_data_loader_workers": false,
    "prior_loss_weight": 1.0,
    "random_crop": false,
    "rank_dropout": 0,
    "save_every_n_epochs": 1,
    "save_every_n_steps": 0,
    "save_last_n_steps": 0,
    "save_last_n_steps_state": 0,
    "save_precision": "bf16",
    "scale_v_pred_loss_like_noise_pred": false,
    "scale_weight_norms": 0,
    "sdxl": true,
    "sdxl_cache_text_encoder_outputs": false,
    "sdxl_no_half_vae": true,
    "seed": "1337",
    "shuffle_caption": true,
    "stop_text_encoder_training": 0,
    "text_encoder_lr": 1.0,
    "train_batch_size": 6,
    "train_on_input": true,
    "training_comment": "",
    "unet_lr": 1.0,
    "unit": 1,
    "up_lr_weight": "",
    "use_cp": false,
    "log_with": "wandb",
    "v2": false,
    "v_parameterization": false,
    "vae_batch_size": 0,
    "weighted_captions": false,
    "xformers": true
}